barcode	count	fraction	has_deletion	has_N
AGTCGATCGGCTAGTC	2591	0.8959197786998617	False	False
AGTTGATCGGCTAGTC	30	0.01037344398340249	False	False
A----ATAGGCTAGAA	19	0.00656984785615491	True	False
AGTCGATGGGCTAGTC	13	0.004495159059474412	False	False
AGTCAATCGGCTAGTC	9	0.0031120331950207467	False	False
AGTCGATCGGCTGGTC	8	0.0027662517289073307	False	False
AGTCGATCGGCTAGT-	8	0.0027662517289073307	True	False
AGTCGATCGGCTAATC	7	0.0024204702627939143	False	False
AGTCGATCGGCTCGTC	6	0.002074688796680498	False	False
AGTCGATCGGCTAGTA	5	0.0017289073305670815	False	False
AGTGGATCGGCTAGTC	5	0.0017289073305670815	False	False
AGTCGATCGGCTAGTG	4	0.0013831258644536654	False	False
AGTC-AAAGG-T-GAC	4	0.0013831258644536654	True	False
AGTCGATCGGCGAGTC	4	0.0013831258644536654	False	False
AGTTGATTGGCTAGTC	4	0.0013831258644536654	False	False
AGTCATTCAACTAGTC	3	0.001037344398340249	False	False
AGTCGATCGGCCAGTC	3	0.001037344398340249	False	False
AGTC-ATCGGCTAGTC	3	0.001037344398340249	True	False
AGTCGATCGGC-AGTC	3	0.001037344398340249	True	False
AGTCGATTGGCTAGTC	3	0.001037344398340249	False	False
AGTAG-TAG--TAGCC	2	0.0006915629322268327	True	False
GGTCGTACGCCT-G--	2	0.0006915629322268327	True	False
A---GATCGGCTAGTC	2	0.0006915629322268327	True	False
AAACGGTAGACAATTC	2	0.0006915629322268327	False	False
AGTCGATCGGCTACTC	2	0.0006915629322268327	False	False
AGTCGATC----AGTC	2	0.0006915629322268327	True	False
AGTCGATGGGCTGGTC	2	0.0006915629322268327	False	False
AGTCGATCGGCTAGTT	2	0.0006915629322268327	False	False
AGTCGATCGGC---TC	2	0.0006915629322268327	True	False
AGTCGAT-GGCTAGTC	2	0.0006915629322268327	True	False
AG--AATTGGCTAATG	2	0.0006915629322268327	True	False
AGT-GATAATGTAGTG	2	0.0006915629322268327	True	False
AGTCGATCGGGTAGTC	2	0.0006915629322268327	False	False
AGTCGATCG--TAGTC	2	0.0006915629322268327	True	False
AGTTTATTGGCCAGAT	2	0.0006915629322268327	False	False
AG--GAAAGGGTAATC	1	0.00034578146611341634	True	False
AGTCGATCGGCTAATG	1	0.00034578146611341634	False	False
CGCCGATCGACCA-TC	1	0.00034578146611341634	True	False
AGTCGATCGGCT-GTC	1	0.00034578146611341634	True	False
AGTCAATCAGCTA---	1	0.00034578146611341634	True	False
AGTCAAT-GAC--GCG	1	0.00034578146611341634	True	False
AGTCAATAGGCTAGTC	1	0.00034578146611341634	False	False
TATC-ACCGGCGAGT-	1	0.00034578146611341634	True	False
AATAGAT--TCTAGAA	1	0.00034578146611341634	True	False
A-CCAATATGCGTGCC	1	0.00034578146611341634	True	False
AGT--ATCGACTAGTT	1	0.00034578146611341634	True	False
AGTCAATCAGCTAGTC	1	0.00034578146611341634	False	False
AGTCGATCGGCTAG-C	1	0.00034578146611341634	True	False
AGT-AAGCGGGTAG-A	1	0.00034578146611341634	True	False
AGTCGATGGGCTCGTC	1	0.00034578146611341634	False	False
--TTAATGAGCTAGTG	1	0.00034578146611341634	True	False
ATTAG-TTGTCTGGAC	1	0.00034578146611341634	True	False
AGTCGATAGGCTAGTC	1	0.00034578146611341634	False	False
AGTCAATCGGCTGGTC	1	0.00034578146611341634	False	False
AGTCGATCGACTAGTC	1	0.00034578146611341634	False	False
AGTAGAT-GGCTGGTC	1	0.00034578146611341634	True	False
AGTAAATTGAACAG--	1	0.00034578146611341634	True	False
AGTCGATCGGCTACCC	1	0.00034578146611341634	False	False
AG--------------	1	0.00034578146611341634	True	False
TCTCGATCGGCTAGTC	1	0.00034578146611341634	False	False
A-TCGATCGGCTAGTC	1	0.00034578146611341634	True	False
A-TTGATTGACTAGAT	1	0.00034578146611341634	True	False
AGTC---CAGTTATTC	1	0.00034578146611341634	True	False
AGACGAT-GGAT-TTC	1	0.00034578146611341634	True	False
GGTC-AT--ACTA-T-	1	0.00034578146611341634	True	False
AGTAAAT-ATCTAGTC	1	0.00034578146611341634	True	False
AGT-GATCGGCTAATC	1	0.00034578146611341634	True	False
ATACACTCGGCTAGGG	1	0.00034578146611341634	False	False
AGTGGATCGGCTCGTC	1	0.00034578146611341634	False	False
A-TCGA-CGGCTAGGG	1	0.00034578146611341634	True	False
AGTCGATCG----GTC	1	0.00034578146611341634	True	False
AGTAGATCGGCTAGT-	1	0.00034578146611341634	True	False
AGGTTTTTGGTTA-TA	1	0.00034578146611341634	True	False
AGTGGATGGGTCAGTC	1	0.00034578146611341634	False	False
AGTCGATCGGCACATC	1	0.00034578146611341634	False	False
AGACGGACGGTTTGTA	1	0.00034578146611341634	False	False
AGGC-AT--GTAAGTC	1	0.00034578146611341634	True	False
AGT-GATCGGCTAGTC	1	0.00034578146611341634	True	False
AGACGA--GTCTAGAT	1	0.00034578146611341634	True	False
AGT--AAC--CTAGAC	1	0.00034578146611341634	True	False
ATTCCTTATGAGAGTG	1	0.00034578146611341634	False	False
AGTAGAT-GGCTAGT-	1	0.00034578146611341634	True	False
AATTGATTATATATTG	1	0.00034578146611341634	False	False
AGTCGA-----TAGTC	1	0.00034578146611341634	True	False
AGTCGATCGGCTAGCC	1	0.00034578146611341634	False	False
AGTGGATCGGCTAAGC	1	0.00034578146611341634	False	False
CGTTGGT-GGCTTGTA	1	0.00034578146611341634	True	False
AGTCAATCGGCT-CTC	1	0.00034578146611341634	True	False
AGTCGATGGGCTAATC	1	0.00034578146611341634	False	False
AGTCGATCAGCTAGTC	1	0.00034578146611341634	False	False
AGTCGACAGGCTAGTC	1	0.00034578146611341634	False	False
GGCCCACCCTTTAGCC	1	0.00034578146611341634	False	False
AGTGGATCGGTTAGTG	1	0.00034578146611341634	False	False
AATCGATCGG-TCG-A	1	0.00034578146611341634	True	False
AGTCGATCGG-TAGTC	1	0.00034578146611341634	True	False
AGTCAATCGGCTAGTA	1	0.00034578146611341634	False	False
AGTCAATAGGCTCGTC	1	0.00034578146611341634	False	False
AGTGGATCGGCTAGTG	1	0.00034578146611341634	False	False
---CGATCGGCTAGTC	1	0.00034578146611341634	True	False
AGTCGATCGCAGAG-A	1	0.00034578146611341634	True	False
AGTCGATCGGCTAG-G	1	0.00034578146611341634	True	False
AGTCGATCGGCTGGTT	1	0.00034578146611341634	False	False
AGTCTATCGGCTAGTC	1	0.00034578146611341634	False	False
TGTCGAACCGACA---	1	0.00034578146611341634	True	False
A--CCATCGTC-AATG	1	0.00034578146611341634	True	False
AGTTGATTGGTGAG-A	1	0.00034578146611341634	True	False
AGTTGAAAGGCACGT-	1	0.00034578146611341634	True	False
A----ATAGGCTATTC	1	0.00034578146611341634	True	False
AGTCGATCG-------	1	0.00034578146611341634	True	False
AGTCGATCGGTTAGTC	1	0.00034578146611341634	False	False
AATACACAGGATATTA	1	0.00034578146611341634	False	False
AGTCGATCGG--AGTC	1	0.00034578146611341634	True	False
AGTCTATTGGCTAGTC	1	0.00034578146611341634	False	False
ACTTATTCAG-TAATC	1	0.00034578146611341634	True	False
AGTCGATCG--TGATC	1	0.00034578146611341634	True	False
ATTGGATATGCAAGAC	1	0.00034578146611341634	False	False
GGTTG-TC-ACAAGTC	1	0.00034578146611341634	True	False
ATTCAAACCGCTTGAC	1	0.00034578146611341634	False	False
AGACGATCGGAGGGT-	1	0.00034578146611341634	True	False
AGTTTATCGGCTAGTC	1	0.00034578146611341634	False	False
ACTC---CGGGTAGTC	1	0.00034578146611341634	True	False
CG-GGAT-GGTTAGTG	1	0.00034578146611341634	True	False
AGTCGATC-GCTAGTC	1	0.00034578146611341634	True	False
ACACGATATGTTAGCA	1	0.00034578146611341634	False	False
AGTCCATCGGCTAGTC	1	0.00034578146611341634	False	False
ACTCCA--AGTAAGTC	1	0.00034578146611341634	True	False
ATTCG--CGGCTAGTG	1	0.00034578146611341634	True	False
-G-CGAACTGTCACTA	1	0.00034578146611341634	True	False
GGTCGATCGGCTAGTC	1	0.00034578146611341634	False	False
ATTAGATC--CAATTT	1	0.00034578146611341634	True	False
AGTC-ATTGGCTAGTC	1	0.00034578146611341634	True	False
GGTCTATGGGTTA--C	1	0.00034578146611341634	True	False
A-TAAAGCACATAGTC	1	0.00034578146611341634	True	False
AGTTGATC-GCTAGTC	1	0.00034578146611341634	True	False
AGTCGATCGGCT----	1	0.00034578146611341634	True	False
A-TAGATAGGCGAGTC	1	0.00034578146611341634	True	False
TGTTGAACTGGTAGAT	1	0.00034578146611341634	False	False
AATAGA-AGGATGGCC	1	0.00034578146611341634	True	False
A-TAGATAG--TAATC	1	0.00034578146611341634	True	False
AGCTGATCGGCTAGTC	1	0.00034578146611341634	False	False
-GTCGATC--CTAGTC	1	0.00034578146611341634	True	False
AGTCTATCTG-TAGTC	1	0.00034578146611341634	True	False
ACTCAAT----TATTC	1	0.00034578146611341634	True	False
AGTCGATCGGCGAGTT	1	0.00034578146611341634	False	False
AGTCGATCCGCTAGTC	1	0.00034578146611341634	False	False
AGTCGA-CGGCTAGTC	1	0.00034578146611341634	True	False
AATCGAAGTGCTAGTG	1	0.00034578146611341634	False	False
A--CGATCAGC-ATTG	1	0.00034578146611341634	True	False
CGTTGATC----AGTC	1	0.00034578146611341634	True	False
AGCTGATC-GCTAGTC	1	0.00034578146611341634	True	False
AGTAAAACAG-TAGTC	1	0.00034578146611341634	True	False
GTTCTATCGGCTAGTC	1	0.00034578146611341634	False	False
AGTCCAT-GAAAAGGG	1	0.00034578146611341634	True	False
AGTCGAT----TAGGC	1	0.00034578146611341634	True	False
AGTTCATTGG--AGTC	1	0.00034578146611341634	True	False
AGTCGATCGTGTAGTC	1	0.00034578146611341634	False	False
GGGGGAGCAGCCAGTG	1	0.00034578146611341634	False	False
ACTCGAT-GG-TAGCC	1	0.00034578146611341634	True	False
AG-CAAT--GATAGTC	1	0.00034578146611341634	True	False
AGTTTATTGGCTAGTC	1	0.00034578146611341634	False	False
AGTTGATGGGCTAGTC	1	0.00034578146611341634	False	False
AGTAGATCGGCTAGTC	1	0.00034578146611341634	False	False
ATTCGAT---ATAATC	1	0.00034578146611341634	True	False
AGTCGATCGGCTAGCT	1	0.00034578146611341634	False	False
AGTCGATCG----GT-	1	0.00034578146611341634	True	False
